"","rsIDforJoseph","Proxy","Distance","RSquared","DPrime","Order","MAF","Coordinate_HG17","Coordinate_HG18","Chromosome"
"1","rs3748817","rs10752747",750,0.962,1,37,0.317,2557077,2514775,"chr1"
"44","rs3748817","rs3748816",1081,0.928,1,42,0.342,2558908,2516606,"chr1"
"49","rs3748817","rs3890745",27959,0.926,1,53,0.308,2585786,2543484,"chr1"
"58","rs3748817","rs4474198",28093,0.926,1,54,0.308,2585920,2543618,"chr1"
"59","rs3748817","rs4648356",183499,0.926,1,70,0.308,2732322,2699024,"chr1"
"83","rs3748817","rs6684865",20564,0.926,1,51,0.308,2578391,2536089,"chr1"
"100","rs3007421","rs3007421",0,1,1,1,0.1,6464455,6452776,"chr1"
"116","rs12087340","rs4074156",27383,0.818,1,17,0.158,85431631,85492198,"chr1"
"121","rs11587876","rs11587876",0,1,1,1,0.175,85627204,85687771,"chr1"
"126","rs11587876","rs648216",126,0.806,1,4,0.208,85627078,85687645,"chr1"
"161","rs11581062","rs11581062",0,1,1,1,0.275,101119540,101180107,"chr1"
"167","rs11581062","rs12730160",31272,0.876,0.956,36,0.267,101150812,101211379,"chr1"
"169","rs11581062","rs12750667",91163,0.918,1,30,0.258,101210703,101271270,"chr1"
"183","rs11581062","rs6577219",8188,0.959,1,10,0.267,101127728,101188295,"chr1"
"192","rs11581062","rs6693456",17042,1,1,9,0.275,101136582,101197149,"chr1"
"195","rs11581062","rs7521424",68382,0.918,1,21,0.258,101187922,101248489,"chr1"
"197","rs11581062","rs7541397",84653,0.918,1,29,0.258,101034887,101095454,"chr1"
"221","rs6677309","rs12044852",7613,0.935,1,23,0.142,116799821,116889302,"chr1"
"232","rs6677309","rs758518",1644,1,1,3,0.15,116793852,116883333,"chr1"
"236","rs666930","rs666930",0,1,1,1,0.5,119971012,120060493,"chr1"
"252","rs2050568","rs2050568",0,1,1,1,0.458,154583314,156036865,"chr1"
"258","rs2050568","rs2765493",27759,0.84,0.964,40,0.483,154611073,156064624,"chr1"
"261","rs2050568","rs2765505",40934,0.84,0.982,41,0.47,154624248,156077799,"chr1"
"277","rs2050568","rs6689427",10651,0.869,0.964,16,0.442,154593965,156047516,"chr1"
"282","rs2050568","rs7522061",101851,0.869,0.964,31,0.442,154481463,155935014,"chr1"
"298","rs35967351","rs518721",11713,0.861,1,12,0.35,157536590,158990141,"chr1"
"299","rs1359062","rs1323292",451,0.945,1,2,0.175,189272678,190807644,"chr1"
"313","rs1359062","rs2816316",4659,0.945,1,9,0.175,189268470,190803436,"chr1"
"316","rs1359062","rs2984920",3323,0.945,1,4,0.175,189276452,190811418,"chr1"
"334","rs55838263","rs12122721",109752,0.893,0.962,25,0.35,197716137,199251103,"chr1"
"343","rs55838263","rs2297909",85579,0.894,0.963,20,0.367,197691964,199226930,"chr1"
"348","rs55838263","rs296547",17409,0.8,0.96,49,0.392,197623794,199158760,"chr1"
"379","rs842639","rs1177209",17675,1,1,2,0.358,60989221,60931074,"chr2"
"381","rs842639","rs12713430",71789,1,1,3,0.358,61078685,61020538,"chr2"
"383","rs842639","rs3732179",59080,0.964,1,8,0.35,61065976,61007829,"chr2"
"387","rs842639","rs842639",0,1,1,1,0.358,61006896,60948749,"chr2"
"388","rs842639","rs842647",24226,0.964,1,7,0.35,61031122,60972975,"chr2"
"400","rs7595717","rs17035378",11478,0.803,0.915,22,0.292,68510606,68452459,"chr2"
"406","rs7595717","rs3816281",20470,0.92,1,5,0.267,68519598,68461451,"chr2"
"436","rs17174870","rs17174870",0,1,1,1,0.242,112381432,112381672,"chr2"
"505","rs9967792","rs2356350",28103,0.806,1,52,0.392,191828044,191710783,"chr2"
"512","rs9967792","rs4555370",17024,0.964,1,18,0.35,191816965,191699704,"chr2"
"544","rs9989735","rs10201872",8730,0.842,0.943,26,0.183,230932229,230814968,"chr2"
"552","rs9989735","rs13397985",24231,0.948,1,12,0.2,230916728,230799467,"chr2"
"572","rs9989735","rs9989899",1323,0.948,1,7,0.2,230939636,230822375,"chr2"
"597","rs11719975","rs9284846",5117,1,1,11,0.2,18765706,18765706,"chr3"
"600","rs11719975","rs9824781",14461,1,1,32,0.2,18775050,18775050,"chr3"
"629","rs1813375","rs427221",2586,1,1,5,0.5,28050989,28050989,"chr3"
"632","rs1813375","rs669607",7127,0.967,1,14,0.492,28046448,28046448,"chr3"
"652","rs9828629","rs9819066",7236,0.965,1,7,0.383,71605800,71605800,"chr3"
"653","rs9828629","rs9828629",0,1,1,1,0.375,71613036,71613036,"chr3"
"657","rs2028597","rs10460808",54708,0.898,0.948,5,0.091,106986819,106986819,"chr3"
"660","rs2028597","rs2028597",0,1,1,1,0.067,107041527,107041527,"chr3"
"675","rs1131265","rs12494314",99636,0.818,1,15,0.133,120605510,120605510,"chr3"
"679","rs1131265","rs2293370",2522,1,1,2,0.158,120702624,120702624,"chr3"
"685","rs1131265","rs6804441",38488,0.872,1,9,0.133,120743634,120743634,"chr3"
"731","rs1920296","rs6438678",2190,1,1,4,0.3,123024077,123024077,"chr3"
"734","rs1920296","rs6766694",42507,1,1,40,0.3,122983760,122983760,"chr3"
"743","rs1920296","rs6795182",37695,1,1,36,0.3,122988572,122988572,"chr3"
"748","rs1920296","rs6808500",33696,1,1,29,0.3,122992571,122992571,"chr3"
"770","rs2255214","rs1962532",19008,1,1,3,0.408,123234221,123234221,"chr3"
"771","rs2255214","rs2255214",0,1,1,1,0.408,123253229,123253229,"chr3"
"779","rs9282641","rs2681408",12785,0.818,1,6,0.1,123266673,123266673,"chr3"
"783","rs9282641","rs9282641",0,1,1,1,0.083,123279458,123279458,"chr3"
"784","rs1014486","rs1014486",0,1,1,1,0.375,161173814,161173806,"chr3"
"801","rs7665090","rs228611",10106,0.967,1,55,0.483,103918912,103780757,"chr4"
"803","rs7665090","rs228614",27034,0.87,0.964,71,0.492,103935840,103797685,"chr4"
"818","rs7665090","rs2866413",5474,1,1,34,0.492,103914280,103776125,"chr4"
"880","rs2726518","rs2726459",11398,0.967,1,9,0.433,106542201,106404046,"chr4"
"891","rs2726518","rs7678440",5703,0.967,1,7,0.433,106536506,106398351,"chr4"
"912","rs6881706","rs6897932",4581,1,1,5,0.258,35910332,35910332,"chr5"
"921","rs6880778","rs1373692",32087,0.835,0.962,16,0.4,40466940,40466940,"chr5"
"922","rs6880778","rs1445001",32568,0.835,0.962,17,0.4,40467421,40467421,"chr5"
"944","rs71624119","rs10065637",1879,0.904,1,2,0.2,55474608,55474608,"chr5"
"955","rs756699","rs244689",23759,0.825,0.951,19,0.108,133450715,133450715,"chr5"
"967","rs756699","rs756699",0,1,1,1,0.1,133474474,133474474,"chr5"
"969","rs2546890","rs2546890",0,1,1,1,0.458,158692478,158692478,"chr5"
"974","rs4976646","rs4075958",4058,0.835,1,9,0.342,176717118,176717118,"chr5"
"993","rs17119","rs1267499",3614,0.917,1,10,0.25,14823861,14823861,"chr6"
"995","rs17119","rs1267501",4239,0.917,1,13,0.25,14823236,14823236,"chr6"
"996","rs17119","rs1267505",5301,0.917,1,14,0.25,14822174,14822174,"chr6"
"1022","rs941816","rs941816",0,1,1,1,0.192,36483282,36483282,"chr6"
"1024","rs72928038","rs10944479",96375,0.932,1,2,0.142,90937114,90937114,"chr6"
"1032","rs11154801","rs11154801",0,1,1,1,0.3,135781048,135781048,"chr6"
"1054","rs17066096","rs17066096",0,1,1,1,0.125,137494601,137494601,"chr6"
"1082","rs7769192","rs600469",983,0.902,1,32,0.433,138003365,138003365,"chr6"
"1094","rs7769192","rs686851",17316,0.902,1,41,0.433,138021664,138021664,"chr6"
"1096","rs7769192","rs6904167",25253,0.902,1,48,0.433,138029601,138029601,"chr6"
"1128","rs1843938","rs1843938",0,1,1,1,0.35,2886275,3079560,"chr7"
"1159","rs706015","rs774250",691,0.929,1,2,0.133,26788919,26982204,"chr7"
"1183","rs917116","rs917117",3566,0.838,1,8,0.158,27949545,28142830,"chr7"
"1190","rs60600003","rs11984075",54389,0.867,1,37,0.067,37210094,37403379,"chr7"
"1226","rs354033","rs354033",0,1,1,1,0.275,148727112,148920397,"chr7"
"1229","rs354033","rs354042",7640,1,1,4,0.275,148734752,148928037,"chr7"
"1231","rs354033","rs354045",11144,1,1,7,0.275,148738256,148931541,"chr7"
"1249","rs354033","rs6971236",104614,0.837,0.915,23,0.275,148622498,148815783,"chr7"
"1267","rs1021156","rs1384804",3582,1,1,5,0.242,79734777,79734777,"chr8"
"1268","rs1021156","rs1441438",65965,1,1,36,0.242,79804324,79804324,"chr8"
"1288","rs1021156","rs3736169",12051,1,1,7,0.242,79750410,79750410,"chr8"
"1300","rs1021156","rs7842142",17932,1,1,12,0.242,79756291,79756291,"chr8"
"1310","rs2456449","rs2445610",4107,0.965,1,3,0.375,128266270,128266270,"chr8"
"1311","rs2456449","rs2456449",0,1,1,1,0.367,128262163,128262163,"chr8"
"1315","rs2456449","rs2456461",10530,0.809,1,13,0.408,128251633,128251633,"chr8"
"1319","rs2456449","rs2466031",16628,0.811,1,10,0.417,128278791,128278791,"chr8"
"1321","rs4410871","rs4410871",0,1,1,1,0.317,128884211,128884211,"chr8"
"1326","rs759648","rs759648",0,1,1,1,0.35,129228127,129228127,"chr8"
"1328","rs2150702","rs2150702",0,1,1,1,0.45,5883861,5883861,"chr9"
"1329","rs2104286","rs2104286",0,1,1,1,0.225,6139051,6139051,"chr10"
"1334","rs793108","rs1624116",20047,0.869,0.964,8,0.442,31475159,31475159,"chr10"
"1357","rs2688608","rs2675671",25589,0.901,0.965,17,0.458,75302766,75302766,"chr10"
"1360","rs2688608","rs2688608",0,1,1,1,0.467,75328355,75328355,"chr10"
"1383","rs7923837","rs7923837",0,1,1,1,0.342,94471897,94471897,"chr10"
"1403","rs7120737","rs11824864",290659,1,1,39,0.117,47368312,47368312,"chr11"
"1407","rs7120737","rs1474056",69688,1,1,7,0.117,47589283,47589283,"chr11"
"1422","rs7120737","rs4147730",96968,1,1,14,0.117,47562003,47562003,"chr11"
"1425","rs7120737","rs4752791",33628,1,1,3,0.117,47692599,47692599,"chr11"
"1431","rs7120737","rs4752977",401966,0.835,0.914,85,0.108,47257005,47257005,"chr11"
"1447","rs7120737","rs7120737",0,1,1,1,0.117,47658971,47658971,"chr11"
"1511","rs533646","rs489126",6001,0.808,0.955,83,0.275,118077957,118077957,"chr11"
"1529","rs533646","rs519982",1515,1,1,11,0.3,118070441,118070441,"chr11"
"1573","rs533646","rs673547",6593,0.808,0.955,86,0.275,118078549,118078549,"chr11"
"1584","rs523604","rs523604",0,1,1,1,0.467,118260948,118260948,"chr11"
"1585","rs1800693","rs1800693",0,1,1,1,0.492,6310270,6310270,"chr12"
"1588","rs1800693","rs4149576",9106,0.869,0.932,4,0.492,6319376,6319376,"chr12"
"1590","rs1800693","rs4149581",6976,0.818,1,6,0.442,6317246,6317246,"chr12"
"1595","rs12296430","rs2364482",1369,1,1,3,0.175,6372392,6372392,"chr12"
"1598","rs11052877","rs11052877",0,1,1,1,0.383,9796957,9796957,"chr12"
"1607","rs7132277","rs1106240",33600,0.898,1,16,0.2,122151862,122192935,"chr12"
"1653","rs7132277","rs1790098",62099,0.898,1,33,0.2,122180361,122221434,"chr12"
"1687","rs7132277","rs655293",64977,0.947,1,4,0.192,122053285,122094358,"chr12"
"1690","rs7132277","rs883263",108194,0.947,1,6,0.192,122010068,122051141,"chr12"
"1693","rs7132277","rs937564",116071,0.898,1,51,0.2,122002191,122043264,"chr12"
"1696","rs4772201","rs4772201",0,1,1,1,0.117,98884260,98884260,"chr13"
"1714","rs2236262","rs4899263",23792,0.822,0.946,11,0.491,68355017,68355017,"chr14"
"1722","rs4903324","rs10144160",1198,0.838,1,12,0.224,75032462,75032462,"chr14"
"1728","rs4903324","rs3759738",21540,0.943,1,11,0.175,75052804,75052804,"chr14"
"1729","rs4903324","rs4899567",17179,0.943,1,8,0.175,75048443,75048443,"chr14"
"1730","rs4903324","rs4903324",0,1,1,1,0.167,75031264,75031264,"chr14"
"1746","rs12148050","rs12148050",0,1,1,1,0.408,102333541,102333541,"chr14"
"1783","rs59772922","rs9806693",23079,1,1,4,0.175,76971442,76971442,"chr15"
"1813","rs8042861","rs2589939",46458,0.864,0.946,32,0.422,88731879,88731879,"chr15"
"1817","rs8042861","rs2601197",37274,0.898,0.964,13,0.408,88741063,88741063,"chr15"
"1823","rs8042861","rs3539",68086,0.898,0.964,18,0.408,88846423,88846423,"chr15"
"1831","rs8042861","rs4620932",59236,0.898,0.964,14,0.408,88837573,88837573,"chr15"
"1839","rs8042861","rs8033595",106020,0.83,0.927,56,0.392,88884357,88884357,"chr15"
"1843","rs8042861","rs8042861",0,1,1,1,0.4,88778337,88778337,"chr15"
"1850","rs2744148","rs2744148",0,1,1,1,0.208,1013553,1013553,"chr16"
"1868","rs12927355","rs12924729",6988,0.959,1,17,0.283,11095284,11095284,"chr16"
"1873","rs12927355","rs2041670",20119,1,1,9,0.275,11082153,11082153,"chr16"
"1882","rs12927355","rs725613",25088,0.819,1,32,0.317,11077184,11077184,"chr16"
"1903","rs6498184","rs12596260",37725,0.853,1,25,0.208,11305766,11305766,"chr16"
"1910","rs6498184","rs12927773",32027,1,1,15,0.183,11311464,11311464,"chr16"
"1911","rs6498184","rs12928822",32097,1,1,16,0.183,11311394,11311394,"chr16"
"1914","rs6498184","rs1646025",56052,0.813,0.969,30,0.19,11287439,11287439,"chr16"
"1915","rs6498184","rs181694",51161,0.813,0.969,29,0.19,11292330,11292330,"chr16"
"1942","rs7204270","rs7204270",0,1,1,1,0.483,30064464,30064464,"chr16"
"1945","rs7204270","rs9924308",2223,0.875,1,5,0.45,30062241,30062241,"chr16"
"1946","rs1886700","rs1886700",0,1,1,1,0.175,67243406,67243406,"chr16"
"1951","rs12149527","rs17648647",1601,0.811,0.963,6,0.492,77669698,77669698,"chr16"
"1953","rs12149527","rs7199945",6283,0.901,0.965,2,0.483,77674380,77674380,"chr16"
"1958","rs7196953","rs7196953",0,1,1,1,0.3,78206895,78206895,"chr16"
"1980","rs12946510","rs2305480",149819,0.875,1,27,0.475,35315722,35315722,"chr17"
"1981","rs12946510","rs2872507",128386,0.875,1,23,0.475,35294289,35294289,"chr17"
"2027","rs4796791","rs9891119",22783,0.965,1,7,0.367,37761506,37761506,"chr17"
"2032","rs4794058","rs11079784",105182,1,1,11,0.475,43057279,43057279,"chr17"
"2038","rs4794058","rs11870935",135507,0.967,1,33,0.483,43087604,43087604,"chr17"
"2053","rs4794058","rs3760371",98816,0.817,1,73,0.425,43050913,43050913,"chr17"
"2070","rs4794058","rs4968319",132131,0.806,0.929,86,0.458,42819966,42819966,"chr17"
"2077","rs4794058","rs6503796",168151,0.874,1,55,0.442,43120248,43120248,"chr17"
"2107","rs4794058","rs8078686",138608,0.87,0.965,56,0.458,43090705,43090705,"chr17"
"2110","rs4794058","rs9893901",90416,0.806,0.929,80,0.458,42861681,42861681,"chr17"
"2115","rs4794058","rs9901869",21892,0.935,1,38,0.458,42930205,42930205,"chr17"
"2124","rs8070345","rs1292034",173103,0.804,0.961,38,0.383,55344642,55344642,"chr17"
"2126","rs8070345","rs1292053",146780,0.835,0.962,31,0.392,55318319,55318319,"chr17"
"2153","rs8070345","rs2777899",15634,0.966,1,6,0.425,55187173,55187173,"chr17"
"2165","rs7238078","rs4545915",38676,1,1,17,0.175,54573848,54573848,"chr18"
"2166","rs7238078","rs4940738",30507,1,1,16,0.175,54504665,54504665,"chr18"
"2174","rs7238078","rs7238078",0,1,1,1,0.175,54535172,54535172,"chr18"
"2185","rs1077667","rs1077667",0,1,1,1,0.175,6619972,6619972,"chr19"
"2193","rs2288904","rs2288904",0,1,1,1,0.225,10603170,10603170,"chr19"
"2196","rs2288904","rs3087969",3531,1,1,7,0.225,10599639,10599639,"chr19"
"2213","rs1870071","rs11878602",50047,1,1,5,0.317,16416153,16416153,"chr19"
"2215","rs1870071","rs1870071",0,1,1,1,0.317,16366106,16366106,"chr19"
"2224","rs11554159","rs4808762",40278,0.819,0.934,3,0.284,18187222,18187222,"chr19"
"2229","rs11554159","rs874628",18756,0.806,1,8,0.208,18165700,18165700,"chr19"
"2237","rs8107548","rs2303759",1592,0.918,1,12,0.258,54560863,54560863,"chr19"
"2245","rs4810485","rs1569723",5883,0.956,1,2,0.242,44175471,44175471,"chr20"
"2252","rs4810485","rs6074022",7751,0.912,0.955,5,0.25,44173603,44173603,"chr20"
"2258","rs2248359","rs2248359",0,1,1,1,0.358,52224925,52224925,"chr20"
"2269","rs2256814","rs2315654",25658,0.941,1,12,0.158,61870085,61870085,"chr20"
"2295","rs2283792","rs2283792",0,1,1,1,0.483,20455679,20461125,"chr22"
"2304","rs2283792","rs240066",161870,0.812,0.963,58,0.483,20617549,20622995,"chr22"
"2327","rs2283792","rs743409",1910,0.967,1,18,0.492,20453769,20459215,"chr22"
"2329","rs2283792","rs8136867",73668,0.871,0.965,34,0.467,20529347,20534793,"chr22"
"2334","rs2283792","rs9607241",26252,0.817,1,47,0.433,20429427,20434873,"chr22"
"2350","rs470119","rs470119",0,1,1,1,0.4,49257058,49313780,"chr22"
