"","rsID","allele","isRiskAllele","OR"
"rs1014486_G","rs1014486","G",TRUE,1.07604115032165
"rs7842142_A","rs7842142","A",TRUE,1.08691413124119
"rs1077667_A","rs1077667","A",FALSE,1.21233921335158
"rs11154801_A","rs11154801","A",TRUE,1.17579818959329
"rs2293370_A","rs2293370","A",FALSE,1.1657843609841
"rs4808762_G","rs4808762","G",FALSE,1.15799779832679
"rs11581062_G","rs11581062","G",TRUE,1.1318065158041
"rs11587876_G","rs11587876","G",FALSE,1.09251385750813
"rs9284846_A","rs9284846","A",TRUE,1.0915605503976
"rs4074156_G","rs4074156","G",TRUE,1.18514014033515
"rs12148050_A","rs12148050","A",TRUE,1.08229106874095
"rs7199945_A","rs7199945","A",TRUE,1.08030366185241
"rs2364482_C","rs2364482","C",TRUE,1.0765438205249
"rs2041670_A","rs2041670","A",FALSE,1.21177505021515
"rs2305480_A","rs2305480","A",TRUE,1.05019885841931
"rs2816316_C","rs2816316","C",FALSE,1.10882279537356
"rs17066096_G","rs17066096","G",TRUE,1.14105717257544
"rs1267499_A","rs1267499","A",FALSE,1.12058747697992
"rs17174870_A","rs17174870","A",FALSE,1.14068293715853
"rs1800693_G","rs1800693","G",TRUE,1.11535576108512
"rs427221_G","rs427221","G",TRUE,1.14903861718545
"rs1843938_A","rs1843938","A",TRUE,1.07812273629531
"rs1870071_G","rs1870071","G",TRUE,1.07209850508685
"rs1886700_A","rs1886700","A",TRUE,1.10005231003406
"rs6438678_G","rs6438678","G",FALSE,1.09978832622485
"rs2028597_A","rs2028597","A",FALSE,1.17704351630506
"rs2050568_A","rs2050568","A",FALSE,1.06589169201905
"rs4899263_G","rs4899263","G",TRUE,1.08247844217318
"rs2248359_A","rs2248359","A",FALSE,1.14754782453344
"rs2255214_A","rs2255214","A",FALSE,1.06495746984095
"rs2315654_G","rs2315654","G",TRUE,1.0669780544881
"rs2283792_A","rs2283792","A",FALSE,1.09964468448058
"rs3087969_G","rs3087969","G",FALSE,1.09811582013476
"rs2456449_G","rs2456449","G",TRUE,1.06827443180777
"rs2546890_G","rs2546890","G",FALSE,1.08784370584212
"rs2688608_C","rs2688608","C",FALSE,1.08806955596823
"rs2726459_A","rs2726459","A",FALSE,1.05822786402023
"rs2744148_G","rs2744148","G",TRUE,1.14635653725786
"rs3007421_A","rs3007421","A",TRUE,1.10170424265924
"rs354042_G","rs354042","G",FALSE,1.08014868056415
"rs518721_A","rs518721","A",FALSE,1.07029335495781
"rs3748816_G","rs3748816","G",FALSE,1.1883746995914
"rs4410871_A","rs4410871","A",FALSE,1.09558287700123
"rs470119_A","rs470119","A",TRUE,1.07170629608514
"rs4772201_G","rs4772201","G",FALSE,1.11544983133405
"rs11079784_A","rs11079784","A",FALSE,1.10235778556931
"rs9891119_C","rs9891119","C",TRUE,1.10122791859456
"rs1569723_C","rs1569723","C",TRUE,1.10307428003181
"rs4075958_A","rs4075958","A",TRUE,1.09700320781214
"rs523604_G","rs523604","G",FALSE,1.10441039495795
"rs519982_A","rs519982","A",FALSE,1.08407271119854
"rs2297909_A","rs2297909","A",FALSE,1.09081260238249
"rs9806693_A","rs9806693","A",FALSE,1.09019348026199
"rs11984075_G","rs11984075","G",TRUE,1.12802129628736
"rs12928822_A","rs12928822","A",FALSE,1.15263046798313
"rs666930_A","rs666930","A",FALSE,1.07415437462033
"rs758518_G","rs758518","G",FALSE,1.22371453029012
"rs1373692_A","rs1373692","A",FALSE,1.11919823562697
"rs6897932_A","rs6897932","A",FALSE,1.12722692797751
"rs774250_A","rs774250","A",TRUE,1.06357494013911
"rs655293_G","rs655293","G",TRUE,1.06549069250435
"rs10065637_A","rs10065637","A",FALSE,1.08431168340489
"rs7196953_A","rs7196953","A",TRUE,1.08521872106015
"rs7204270_G","rs7204270","G",TRUE,1.09231788346967
"rs4545915_A","rs4545915","A",FALSE,1.13841153878201
"rs10944479_A","rs10944479","A",TRUE,1.1939642610188
"rs756699_G","rs756699","G",FALSE,1.10953586555201
"rs3816281_A","rs3816281","A",TRUE,1.06221035541708
"rs759648_C","rs759648","C",TRUE,1.0614389953779
"rs2866413_G","rs2866413","G",FALSE,1.10134951190102
"rs7923837_A","rs7923837","A",FALSE,1.12119532809332
"rs1624116_G","rs1624116","G",FALSE,1.05827179797552
"rs2777899_A","rs2777899","A",TRUE,1.06311316138861
"rs2303759_C","rs2303759","C",TRUE,1.13490614483753
"rs12713430_A","rs12713430","A",FALSE,1.11558663110225
"rs917117_A","rs917117","A",TRUE,1.07315968194536
"rs9282641_A","rs9282641","A",FALSE,1.13785934132994
"rs941816_G","rs941816","G",TRUE,1.11527213756697
"rs9828629_A","rs9828629","A",FALSE,1.05621511587368
"rs4555370_A","rs4555370","A",FALSE,1.05858941334911
"rs13397985_C","rs13397985","C",TRUE,1.10369642736436
